{"Africa":{"area":{"min":0.0925814307,"max":526.1810447315,"mean":16.3746195515,"median":5.6520146711,"std":45.9760179984},"density":{"min":0.9666112026,"max":5766953.8845145032,"mean":56482.1903126518,"median":13030.2162923539,"std":290789.8957702593},"population":{"min":191.0,"max":8789133.0,"mean":118495.8523886205,"median":25264.0,"std":456632.4987503734}},"Asia":{"area":{"min":0.0256022631,"max":3939.5166053947,"mean":23.3562213914,"median":5.422646522,"std":103.8833547047},"density":{"min":1.0290602645,"max":6125388.4943330204,"mean":31157.170439451,"median":6157.2381749983,"std":197183.1533332319},"population":{"min":95.0,"max":31480498.0,"mean":86116.5186077644,"median":18688.0,"std":511255.8443087703}},"Australia":{"area":{"min":0.5653298001,"max":1929.2518835316,"mean":35.7261251137,"median":9.1651808297,"std":134.4453701744},"density":{"min":2.3180696087,"max":403746.1347266497,"mean":6758.8175738743,"median":1286.4396771871,"std":25292.1774936591},"population":{"min":14.0,"max":4394585.0,"mean":27627.845039019,"median":1502.0,"std":214442.4353525602}},"Europe":{"area":{"min":0.0009508036,"max":2598.0503805222,"mean":21.2036265967,"median":10.7207134404,"std":57.9772418994},"density":{"min":2.0183092877,"max":29616000.5459131896,"mean":13848.3913295258,"median":1028.4524103904,"std":349890.8149841236},"population":{"min":7.0,"max":10381288.0,"mean":22619.5279583875,"median":6725.5,"std":121639.017787955}},"North_America":{"area":{"min":0.0256022631,"max":3939.5166053947,"mean":32.7448110681,"median":8.0261576889,"std":133.0143629334},"density":{"min":0.1753270351,"max":151436964.141498208,"mean":32761.8349113913,"median":2155.8123792633,"std":1625904.7653426242},"population":{"min":7.0,"max":8720916.0,"mean":37082.0471135496,"median":12640.5,"std":181041.2149584767}},"South_America":{"area":{"min":0.0256022631,"max":3939.5166053947,"mean":24.1664409244,"median":5.8830072095,"std":131.9910891085},"density":{"min":1.5793139938,"max":10723913.9505089335,"mean":40521.6479353023,"median":5163.8698839705,"std":420627.2464005908},"population":{"min":38.0,"max":10021437.0,"mean":60099.7318627451,"median":14216.0,"std":299731.3417426224}},"World":{"area":{"min":0.0009508036,"max":3939.5166053947,"mean":26.0708503175,"median":8.4709543671,"std":104.2407524257},"density":{"min":0.1753270351,"max":151436964.141498208,"mean":26157.8143104015,"median":1918.5749017091,"std":1010073.9023853339},"population":{"min":7.0,"max":31480498.0,"mean":47719.5706335973,"median":10779.0,"std":302888.7156264417}},"larger_than_100000":{"area":{"min":0.0256022631,"max":3939.5166053947,"mean":57.4534274159,"median":11.572116496,"std":192.9072524656},"density":{"min":31.8391855052,"max":151436964.141498208,"mean":150376.9907783087,"median":21841.6884170902,"std":2658985.6529498287},"population":{"min":100023.0,"max":31480498.0,"mean":435634.1040544372,"median":190537.0,"std":1039646.0963955441}},"larger_than_1000000":{"area":{"min":0.0256022631,"max":3939.5166053947,"mean":140.5905599019,"median":27.0313900922,"std":363.2285261847},"density":{"min":853.9202472998,"max":151436964.141498208,"mean":809657.5972031048,"median":72228.2970208788,"std":7734788.8409802308},"population":{"min":1001553.0,"max":31480498.0,"mean":2604797.41218638,"median":1570378.0,"std":2864175.4587641051}},"larger_than_500000":{"area":{"min":0.0256022631,"max":3939.5166053947,"mean":108.8880986082,"median":21.394702663,"std":298.6905000946},"density":{"min":283.2827120744,"max":151436964.141498208,"mean":473345.0023367563,"median":47036.8567855216,"std":5389364.6061284719},"population":{"min":501175.0,"max":31480498.0,"mean":1547254.3080645162,"median":899786.0,"std":2147321.3010272272}}}